-- phpMyAdmin SQL Dump
-- version 5.2.0
-- https://www.phpmyadmin.net/
--
-- 主機： 127.0.0.1:3306
-- 產生時間： 2023-08-02 15:35:35
-- 伺服器版本： 8.0.31
-- PHP 版本： 8.0.26

SET SQL_MODE = "NO_AUTO_VALUE_ON_ZERO";
START TRANSACTION;
SET time_zone = "+00:00";


/*!40101 SET @OLD_CHARACTER_SET_CLIENT=@@CHARACTER_SET_CLIENT */;
/*!40101 SET @OLD_CHARACTER_SET_RESULTS=@@CHARACTER_SET_RESULTS */;
/*!40101 SET @OLD_COLLATION_CONNECTION=@@COLLATION_CONNECTION */;
/*!40101 SET NAMES utf8mb4 */;

--
-- 資料庫： `fresh_drop`
--

-- --------------------------------------------------------

--
-- 資料表結構 `customer`
--

DROP TABLE IF EXISTS `customer`;
CREATE TABLE IF NOT EXISTS `customer` (
  `cus_no` int NOT NULL,
  `cus_name` varchar(20) CHARACTER SET utf8mb4 COLLATE utf8mb4_general_ci NOT NULL,
  `cus_email` varchar(50) CHARACTER SET utf8mb4 COLLATE utf8mb4_general_ci NOT NULL,
  `cus_acc` varchar(20) CHARACTER SET utf8mb4 COLLATE utf8mb4_general_ci NOT NULL,
  `cus_pw` varchar(20) CHARACTER SET utf8mb4 COLLATE utf8mb4_general_ci NOT NULL,
  `cus_gender` varchar(3) CHARACTER SET utf8mb4 COLLATE utf8mb4_general_ci NOT NULL,
  `phone` varchar(20) CHARACTER SET utf8mb4 COLLATE utf8mb4_general_ci NOT NULL,
  `city` varchar(10) CHARACTER SET utf8mb4 COLLATE utf8mb4_general_ci NOT NULL,
  `dist` varchar(10) CHARACTER SET utf8mb4 COLLATE utf8mb4_general_ci NOT NULL,
  `address` varchar(50) CHARACTER SET utf8mb4 COLLATE utf8mb4_general_ci NOT NULL,
  `birth` date NOT NULL,
  `credit_no` varchar(20) CHARACTER SET utf8mb4 COLLATE utf8mb4_general_ci DEFAULT NULL,
  `ord_credit_name` varchar(20) CHARACTER SET utf8mb4 COLLATE utf8mb4_general_ci DEFAULT NULL,
  PRIMARY KEY (`cus_no`)
) ENGINE=InnoDB DEFAULT CHARSET=utf8mb4 COLLATE=utf8mb4_general_ci;

--
-- 傾印資料表的資料 `customer`
--

INSERT INTO `customer` (`cus_no`, `cus_name`, `cus_email`, `cus_acc`, `cus_pw`, `cus_gender`, `phone`, `city`, `dist`, `address`, `birth`, `credit_no`, `ord_credit_name`) VALUES
(1, '林瑾衞', 'Andy_Evans@freshdrop.com', 'Andy_Evans', '865nQtf2', '男', '0911120232', '臺中市', '403', '臺中市,西區,忠明南路57號9樓', '2013-07-05', '5320746838011096', 'Andy Evans'),
(2, '鄒廷霄', 'Carlos_Gaddis@freshdrop.com', 'Carlos_Gaddis', 'mJTT6746', '男', '0912172725', '臺南市', '734', '臺南市,六甲區,菁埔17號之5', '2014-04-15', '3589759728667696', 'Carlos Gaddis'),
(3, '丁葉蓁', 'Courtney_Clements@freshdrop.com', 'Courtney_Clements', '8Qn5n7ba', '女', '0912911095', '高雄市', '700', '高雄市,中西區,崗山南街86號', '2017-01-12', '4916020895216029', 'Courtney Clements'),
(4, '張凌凡', 'Debbie_Duffy@freshdrop.com', 'Debbie_Duffy', 'g4RKJfDL', '女', '0982465672', '新竹縣', '306', '新竹縣,關西鎮,中正路43號', '2017-11-15', '4532460894738504', 'Debbie Duffy'),
(5, '藍奕柯', 'Alice_Mckenzie@fresh.com', 'Alice_Mckenzie', 'g4RKJfDL', '女', '0982465672', '新竹縣', '306', '新竹縣,關西鎮,中正路43號', '2019-02-19', '4556306503489792', 'Alice Mckenzie'),
(6, '姚承龍', 'Noah_Mcadams@freshdrop.com', 'Noah_Mcadams', 'wAH5UkEL', '男', '0932630249', '臺中市', '408', '臺中市,南屯區,永春南路14號', '2023-03-21', '3533444152929758', 'Noah Mcadams'),
(7, '莊珺雪', 'Leila_Crouch@freshdrop.com', 'Leila_Crouch', '565xmL78', '女', '0953231774', '屏東縣', '912', '屏東縣,內埔鄉,自力路36號9樓之17', '2012-04-16', '4716420965472654', 'Leila Crouch'),
(8, '嚴仁曉', 'Jesse_Grant@freshdrop.com', 'Jesse_Gran', 'UvZ6Mghf', '男', '0910443772', '臺南市', '711', '臺南市,歸仁區,大埔路１段63號之16', '2014-05-02', '5405622067602913', 'Jesse Gran'),
(9, '黃寧柯', 'Annabella_Nicole@freshdrop.com', 'Annabella_Nicole', 'D5239673', '女', '0931497147', '南投縣', '708', '南投市,工業南九路77號4樓', '2017-03-22', '5535699881690236', 'Annabella Nicole'),
(10, '黃勁辛', 'Andrew_Bailey@freshdrop.com', 'Andrew_Bailey', 'G3uUJ696', '男', '0925360261', '宜蘭縣', '262', '宜蘭縣,礁溪鄉,奇峰街26號', '2021-07-01', '4485163325147264', 'Andrew_Bailey');

-- --------------------------------------------------------

--
-- 資料表結構 `delivery`
--

DROP TABLE IF EXISTS `delivery`;
CREATE TABLE IF NOT EXISTS `delivery` (
  `deliv_no` int NOT NULL,
  `ord_no` int NOT NULL,
  `week` tinyint NOT NULL,
  `ord_status` tinyint NOT NULL COMMENT '0:未處理\r\n1:處理中\r\n2:已出貨\r\n3:配送中\r\n4:已送達\r\n5:已取消',
  PRIMARY KEY (`deliv_no`),
  KEY `ord_no` (`ord_no`)
) ENGINE=InnoDB DEFAULT CHARSET=utf8mb4 COLLATE=utf8mb4_general_ci;

--
-- 傾印資料表的資料 `delivery`
--

INSERT INTO `delivery` (`deliv_no`, `ord_no`, `week`, `ord_status`) VALUES
(1, 1, 1, 4),
(2, 1, 2, 3),
(3, 1, 3, 0),
(4, 2, 1, 3),
(5, 3, 1, 5),
(6, 4, 1, 4),
(7, 4, 2, 3),
(8, 4, 3, 0),
(9, 4, 4, 0);

-- --------------------------------------------------------

--
-- 資料表結構 `deliv_detail`
--

DROP TABLE IF EXISTS `deliv_detail`;
CREATE TABLE IF NOT EXISTS `deliv_detail` (
  `deliv_detail_no` int NOT NULL,
  `deliv_no` int NOT NULL,
  `dishno` int NOT NULL,
  `qty` tinyint NOT NULL,
  PRIMARY KEY (`deliv_detail_no`),
  KEY `deliv_no` (`deliv_no`),
  KEY `dishno` (`dishno`)
) ENGINE=InnoDB DEFAULT CHARSET=utf8mb4 COLLATE=utf8mb4_general_ci;

--
-- 傾印資料表的資料 `deliv_detail`
--

INSERT INTO `deliv_detail` (`deliv_detail_no`, `deliv_no`, `dishno`, `qty`) VALUES
(1, 1, 1, 3),
(2, 1, 12, 2),
(3, 1, 30, 1),
(4, 2, 5, 2),
(5, 2, 7, 1),
(6, 2, 10, 1),
(7, 2, 15, 2),
(8, 3, 6, 3),
(9, 3, 13, 2),
(10, 3, 27, 1),
(11, 4, 4, 2),
(12, 4, 5, 2),
(13, 4, 16, 2),
(14, 4, 20, 2),
(15, 4, 30, 2),
(16, 5, 30, 1),
(17, 5, 31, 1),
(18, 5, 32, 1),
(19, 6, 7, 1),
(20, 6, 9, 1),
(21, 6, 11, 1),
(22, 6, 13, 1),
(23, 7, 7, 2),
(24, 7, 10, 2),
(25, 8, 6, 2),
(26, 8, 13, 1),
(27, 8, 15, 1),
(28, 9, 4, 2),
(29, 9, 9, 1),
(30, 9, 25, 1);

-- --------------------------------------------------------

--
-- 資料表結構 `dishes`
--

DROP TABLE IF EXISTS `dishes`;
CREATE TABLE IF NOT EXISTS `dishes` (
  `recipe_no` int NOT NULL,
  `ingred_no` int NOT NULL,
  `quantity_unit` varchar(24) CHARACTER SET utf8mb4 COLLATE utf8mb4_general_ci NOT NULL,
  KEY `recipe_no` (`recipe_no`),
  KEY `ingred_no` (`ingred_no`)
) ENGINE=InnoDB DEFAULT CHARSET=utf8mb4 COLLATE=utf8mb4_general_ci;

--
-- 傾印資料表的資料 `dishes`
--

INSERT INTO `dishes` (`recipe_no`, `ingred_no`, `quantity_unit`) VALUES
(1, 1, '2個'),
(1, 2, '1個，切成小塊'),
(1, 3, '1/4個，切成薄片'),
(1, 4, '1茶匙'),
(1, 5, '適量'),
(1, 6, '適量'),
(1, 7, '適量'),
(1, 8, '作為裝飾'),
(2, 9, '500克'),
(2, 10, '50克'),
(2, 3, '1顆，切碎'),
(2, 11, '2瓶'),
(2, 4, '適量'),
(2, 6, '適量，切碎'),
(2, 7, '適量'),
(2, 13, '適量'),
(3, 14, '2個，切成長段'),
(3, 4, '2瓣'),
(3, 15, '1小塊'),
(3, 16, '1/2茶匙'),
(3, 17, '1湯匙'),
(3, 18, '1/2茶匙'),
(3, 19, '適量，用於裝飾'),
(3, 6, '適量，用於裝飾'),
(4, 20, '例如生蠔、生蛤蜊等'),
(4, 21, '適量，切片作為伴碟'),
(4, 22, '1/2茶匙。'),
(4, 23, '1/4到1/2茶匙，切碎。'),
(4, 5, '根據個人口味調整。'),
(4, 7, '根據個人口味調整。'),
(4, 24, '約1/4到1/2茶匙，切碎。'),
(5, 25, '一塊中等大小的豆腐，切成小塊'),
(5, 26, '100克'),
(5, 27, '1湯匙'),
(5, 17, '1湯匙'),
(5, 4, '2瓣'),
(5, 15, '1小塊'),
(5, 8, '適量，切碎'),
(6, 28, '2碗'),
(6, 1, '2個'),
(6, 30, '適量，作為裝飾'),
(6, 17, '2湯匙'),
(6, 7, '1/2茶匙'),
(6, 5, '1/4茶匙'),
(6, 31, '適量，作為裝飾'),
(6, 30, '適量，作為裝飾'),
(7, 32, '選擇您喜歡的魚種，切成適合的塊狀'),
(7, 33, '適量，切碎'),
(7, 23, '3瓣，切碎'),
(7, 34, '適量'),
(7, 8, '適量，切段'),
(8, 35, '4個'),
(8, 3, '1個'),
(8, 36, '2個'),
(8, 23, '2瓣，剁碎'),
(9, 37, '1.5公斤（切塊）'),
(9, 3, '1個（切絲）'),
(9, 38, '2個（去籽，切絲）'),
(9, 39, '2個（去籽，切絲）'),
(9, 40, '4個（切碎）'),
(9, 41, '400克（切碎）'),
(9, 42, '2湯匙'),
(9, 43, '500毫升'),
(9, 44, '2湯匙'),
(9, 45, '（根據個人口味調味）'),
(9, 7, '（根據個人口味調味）'),
(10, 35, '500克'),
(10, 46, '2-3湯匙'),
(10, 47, '400毫升'),
(10, 38, '1個（切絲）'),
(10, 39, '1個（切絲）'),
(10, 3, '1個（切絲）'),
(10, 48, '2-3（切碎）'),
(10, 49, '1個（切絲）'),
(10, 50, '2湯匙'),
(10, 18, '1湯匙'),
(10, 7, '（根據個人口味調味）'),
(10, 51, '（作為裝飾）'),
(10, 8, '（作為裝飾）'),
(11, 52, '1公斤'),
(11, 44, '4湯匙'),
(11, 23, '4瓣（切碎）'),
(11, 53, '1湯匙（切碎）'),
(11, 54, '1湯匙（切碎）'),
(11, 55, '1湯匙'),
(11, 56, '1湯匙'),
(11, 7, '（根據個人口味調味）'),
(11, 45, '（根據個人口味調味）'),
(12, 57, '400克'),
(12, 58, '蝦、蚌、魷魚等海鮮，約300克'),
(12, 3, '1個，切碎'),
(12, 23, '2瓣，切碎'),
(12, 59, '少量'),
(12, 60, '200克'),
(12, 61, '200克，切碎'),
(12, 62, '500毫升'),
(12, 44, '適量'),
(12, 5, '適量'),
(12, 7, '適量'),
(13, 64, '200克'),
(13, 65, '1杯'),
(13, 1, '1個'),
(13, 67, '（根據需要調整）'),
(13, 7, '（根據個人口味調味）'),
(13, 68, '（用於油炸）'),
(14, 69, '適量'),
(14, 70, '約200克，切成薄片或小塊'),
(14, 71, '約4杯'),
(14, 50, '2湯匙'),
(14, 18, '1茶匙'),
(14, 7, '適量'),
(14, 8, '配菜和裝飾'),
(14, 6, '配菜和裝飾'),
(14, 72, '配菜和裝飾'),
(14, 73, '（根據個人口味）'),
(14, 74, '（根據個人口味）'),
(14, 21, '（根據個人口味）'),
(15, 76, '約12片'),
(15, 77, '500克'),
(15, 3, '1個，切碎'),
(15, 23, '2瓣，切碎'),
(15, 78, '400克'),
(15, 79, '2湯匙'),
(15, 80, '如迷迭香和百里香，適量'),
(15, 7, '適量'),
(15, 5, '適量'),
(15, 82, '200克，切成薄片'),
(15, 83, '適量，磨碎'),
(16, 84, '200克'),
(16, 85, '1根，切碎'),
(16, 86, '2湯匙'),
(16, 87, '一小片（約5x5公分）'),
(16, 88, '4杯'),
(16, 17, '（可選，用於調味）'),
(17, 89, '2湯匙'),
(17, 25, '約半塊，切成小塊'),
(17, 90, '1茶匙（可依個人喜好增減）'),
(17, 85, '1根，切碎'),
(17, 23, '2瓣，切碎'),
(17, 91, '約3杯'),
(17, 17, '1湯匙'),
(17, 18, '1茶匙（可依個人喜好增減）'),
(17, 7, '適量'),
(17, 30, '適量，作為裝飾'),
(17, 6, '適量，作為裝飾'),
(18, 3, '4個中型洋蔥，切成薄片'),
(18, 22, '2湯匙'),
(18, 44, '1湯匙'),
(18, 92, '4杯'),
(18, 93, '1/4杯'),
(18, 94, '1/4杯'),
(18, 95, '1小枝'),
(18, 96, '（可選）'),
(18, 7, '適量'),
(18, 45, '適量'),
(18, 98, '作為配菜（可選）'),
(19, 35, '約400克，切成小塊'),
(19, 3, '1個，切碎'),
(19, 23, '3瓣，切碎'),
(19, 99, '一小塊，切碎'),
(19, 38, '1條，去籽切碎（可依個人喜好增減辣度）'),
(19, 100, '2根，打結'),
(19, 101, '1湯匙'),
(19, 47, '1罐（約400毫升）'),
(19, 91, '約2杯'),
(19, 50, '1湯匙（可依個人喜好增減）'),
(19, 18, '1茶匙（可依個人喜好增減）'),
(19, 7, '適量'),
(19, 8, '作為裝飾'),
(20, 102, '約250克，切成小塊或去殼'),
(20, 103, '適量，切成丁狀'),
(20, 104, '約100克，切成薄片'),
(20, 105, '約4杯'),
(20, 106, '2湯匙'),
(20, 44, '2湯匙'),
(20, 7, '適量'),
(20, 5, '適量'),
(20, 8, '作為裝飾'),
(20, 107, '作為裝飾'),
(21, 2, '4-5個，去皮去籽，切成小塊'),
(21, 39, '1個，去籽，切成小塊'),
(21, 108, '1條，去皮，切成小塊'),
(21, 109, '1個，去籽，切成小塊'),
(21, 23, '2-3瓣，切碎'),
(21, 3, '1個小洋蔥，切碎'),
(21, 110, '2湯匙'),
(21, 111, '1片，去皮'),
(21, 7, '適量'),
(21, 5, '適量'),
(21, 44, '4湯匙'),
(21, 112, '作為裝飾'),
(22, 35, '約500克，切成小塊'),
(22, 3, '1個，切碎'),
(22, 23, '2-3瓣，切碎'),
(22, 73, '1個，去籽，切碎'),
(22, 114, '1罐（約400克）'),
(22, 16, '1茶匙'),
(22, 115, '1茶匙'),
(22, 7, '適量'),
(22, 5, '適量'),
(22, 116, '約4杯'),
(22, 117, '2-3片，切成小塊'),
(22, 8, '作為裝飾'),
(22, 6, '作為裝飾'),
(23, 118, '約200克，切成小塊'),
(23, 119, '適量，切成丁狀'),
(23, 120, '2片'),
(23, 121, '2根，切成小段'),
(23, 122, '2根，切成小段'),
(23, 38, '1-2個，切片'),
(23, 123, '約4杯'),
(23, 50, '2湯匙'),
(23, 124, '2湯匙'),
(23, 63, '1-2茶匙'),
(23, 18, '適量'),
(23, 7, '適量'),
(23, 127, '作為裝飾'),
(24, 3, '1個，切碎'),
(24, 23, '2瓣，切碎'),
(24, 128, '2根，切碎'),
(24, 36, '2根，切碎'),
(24, 129, '4朵，切片'),
(24, 2, '2顆，切塊'),
(24, 130, '500毫升'),
(24, 131, '50克'),
(24, 44, '適量'),
(24, 5, '適量'),
(24, 7, '適量'),
(24, 132, '少許'),
(25, 2, '500克'),
(25, 133, '200克'),
(25, 134, '100毫升'),
(25, 135, '100毫升'),
(26, 136, '適量'),
(26, 137, '約200克'),
(26, 38, '1個，切碎'),
(26, 85, '2根，切碎'),
(26, 138, '1個，切片'),
(26, 50, '1湯匙'),
(26, 133, '1茶匙'),
(26, 4, '2瓣'),
(26, 63, '適量（可選）'),
(26, 140, '適量（可選）'),
(27, 141, '1杯'),
(27, 142, '1罐（約400克）'),
(27, 2, '1個，切丁'),
(27, 143, '1根，去皮後切丁'),
(27, 144, '1/4個，切碎'),
(27, 145, '適量，作為裝飾'),
(27, 6, '適量，作為裝飾'),
(27, 56, '2湯匙'),
(27, 44, '2湯匙'),
(27, 7, '適量'),
(27, 5, '適量'),
(28, 146, '2個，切成小塊'),
(28, 124, '2湯匙'),
(28, 147, '1茶匙'),
(28, 148, '1/2茶匙（可根據個人口味調整）'),
(28, 16, '1/4茶匙（可根據個人口味調整）'),
(28, 30, '適量，作為裝飾'),
(29, 149, '適量，洗淨並撕成適合大小的片狀'),
(29, 150, '適量，切成丁狀'),
(29, 151, '少許，刨成碎片'),
(30, 152, '2杯，去籽，切成小塊'),
(30, 139, '2杯，去籽，切成小塊'),
(30, 126, '1杯，無籽，切半'),
(30, 145, '適量，撕成小片'),
(30, 44, '2湯匙'),
(30, 56, '1湯匙'),
(30, 101, '1湯匙'),
(30, 7, '1/4茶匙'),
(30, 125, '適量'),
(31, 37, '200克，切成薄片或絲'),
(31, 39, '1個，切絲'),
(31, 97, '1個，切絲'),
(31, 81, '150克，煮熟並瀝乾'),
(31, 30, '適量，作為裝飾'),
(32, 75, '1/4杯'),
(32, 149, '約200克'),
(32, 2, '1個，切塊'),
(32, 108, '1條'),
(32, 144, '個，切薄片'),
(32, 13, '1/4杯'),
(32, 56, '1湯匙'),
(32, 101, '1湯匙'),
(32, 45, '1/4茶匙'),
(32, 101, '1湯匙'),
(33, 12, '約100克'),
(33, 29, '1湯匙'),
(33, 66, '1茶匙'),
(33, 17, '2湯匙'),
(33, 113, '1湯匙'),
(33, 18, '1茶匙'),
(33, 30, '適量，作為裝飾');

-- --------------------------------------------------------

--
-- 資料表結構 `emp`
--

DROP TABLE IF EXISTS `emp`;
CREATE TABLE IF NOT EXISTS `emp` (
  `emp_no` int NOT NULL,
  `emp_name` varchar(10) CHARACTER SET utf8mb4 COLLATE utf8mb4_general_ci NOT NULL,
  `emp_id` varchar(20) CHARACTER SET utf8mb4 COLLATE utf8mb4_general_ci NOT NULL,
  `emp_psw` varchar(20) CHARACTER SET utf8mb4 COLLATE utf8mb4_general_ci NOT NULL,
  `emp_status` tinyint NOT NULL COMMENT '0:停用\r\n1:啟用',
  `emp_date` date NOT NULL,
  PRIMARY KEY (`emp_no`)
) ENGINE=InnoDB DEFAULT CHARSET=utf8mb4 COLLATE=utf8mb4_general_ci;

--
-- 傾印資料表的資料 `emp`
--

INSERT INTO `emp` (`emp_no`, `emp_name`, `emp_id`, `emp_psw`, `emp_status`, `emp_date`) VALUES
(1, '蔡宗樺', '12345', '12345', 1, '2023-08-01'),
(2, '黃麗萍', '23456', '23456', 1, '2023-07-31'),
(3, '裡帶林', '34567', '34567', 1, '2023-06-06'),
(4, '江魚亭', '45678', '45678', 1, '2023-05-02'),
(5, '熊一', '56789', '56789', 1, '2023-03-19'),
(6, '徐一蘭', '67890', '67890', 1, '2023-04-20');

-- --------------------------------------------------------

--
-- 資料表結構 `faq`
--

DROP TABLE IF EXISTS `faq`;
CREATE TABLE IF NOT EXISTS `faq` (
  `question_no` int NOT NULL,
  `question_group` varchar(20) CHARACTER SET utf8mb4 COLLATE utf8mb4_general_ci NOT NULL,
  `question_des` varchar(100) CHARACTER SET utf8mb4 COLLATE utf8mb4_general_ci NOT NULL,
  `ans` varchar(200) CHARACTER SET utf8mb4 COLLATE utf8mb4_general_ci NOT NULL,
  `status` tinyint NOT NULL COMMENT '0:未套用\r\n1:套用',
  PRIMARY KEY (`question_no`)
) ENGINE=InnoDB DEFAULT CHARSET=utf8mb4 COLLATE=utf8mb4_general_ci;

--
-- 傾印資料表的資料 `faq`
--

INSERT INTO `faq` (`question_no`, `question_group`, `question_des`, `ans`, `status`) VALUES
(1, '常見問題', '機車外務人員將貨送到管理室，結果忘了取貨，隔天菜都壞了，能換嗎？', '我們十分遺憾您發生的狀況！但因生鮮蔬果、魚肉等屬易腐之消耗性產品，由於產品屬性特殊且有保存問題，除因產品本身有瑕疵可退貨外，一經拆封、食用或消費者造成之外盒變形、失溫或保存不良導致變質，要請您諒解無法辦理退貨退款。', 1),
(2, '常見問題', '網站上看到的都是冷凍的魚和肉，這新鮮嗎？', '肉品的部分，都是在具有衛生安全合格的CAS工廠裡宰殺並分切好，然後立即急速冷凍，真空包裝。但傳統市集裡的多半是半夜宰殺後，就掛在貨車上，在路上跑個幾小時，丟到肉攤上，等待老闆六、七點來分切，然後賣到中午或下午，看到這裡，還新鮮嗎？魚的部分，確定躺在冰塊上的還是「活」魚嗎？魚一死亡，魚腹內腐敗的快速程度絕對超乎你我的想像，一拿掉內臟誰還知道呢？歡迎您親自試試就知道，肉質的口感，最直接的嗅覺，新鮮由您', 1),
(3, '常見問題', '太過度包裝了吧？', '有些顧客會發現我們的菜況比很多生鮮超市更新鮮耐保存、物品不容易破損，而且免運門檻低。這些都要歸功於我們設計的混溫層包裝，透過保冷劑、舒服多袋以及白色不易吸熱的紙箱及封膜，能讓我們即便以機車常溫配送，在炎熱的夏天仍然可於配送的4小時內保持食材的新鮮。不必仰賴高成本、高耗能又不便捷的冷藏貨運一一配送。', 1),
(4, '會員註冊', '我已經是會員，忘記密碼怎麼辦？', '您可以至【會員登入】頁面，選擇【忘記密碼】按鈕，系統會發送一組新密碼的簡訊到您的手機上，登入後再重新修改密碼即可。', 1),
(5, '會員註冊', '如何修改個人資料？', '請您先登入會員，再透過【會員中心】，進入【個人資料修改】頁面。將您個人資料補齊或是修改成功後，再點選【儲存】，即可完成。', 1),
(6, '會員註冊', '註冊會員一定要填寫E-mail嗎？', '不一定哦，如果您沒有E-mail也可以成功加入會員。不過有E-mail會更方便唷，您也可以先加入會員，等之後再補上您的E-mail哦！', 1),
(7, '付款問題', '有甚麼付款方式？', '線上刷卡&貨到付款', 1),
(8, '付款問題', '運費如何計算？', '單筆結帳金額滿499元(含)以上即免運費，不足將收取120元運費。', 1),
(9, '寄送問題', '購買商品訂購之後多久可收到？', '中午12:00前完成訂購，隔日下午14:00~18:00前完成配送。', 1),
(10, '寄送問題', '若不在配送區域，可以購買商品嗎？', '因此，非配送區的朋友要說聲抱歉。', 1),
(11, '寄送問題', '商品寄送經過長途跋涉，還能維持新鮮嗎？', '商品全程經過冷凍配送，外包裝也有經過真空及保冷的特殊處理，可以放心食用喔。', 1),
(12, '購物相關', '如何確認訂單是否有訂購成功呢？', '您可以登入會員，進入網站上方【會員中心】的【訂購紀錄】查詢。有下單成功的訂單，會顯示在訂購紀錄上，如果都沒有顯示，表示您當初未完成訂單或訂購失敗。', 1),
(13, '購物相關', '當日配送區域有哪些？', '台北市:中山區、大同區、中正區、大安區、松山區、士林區、萬華區、內湖區、信義區', 1),
(14, '訂單問題', '收到貨怎麼沒有附發票呢？', '已全面採用無實體電子發票。依財政部規定需提供共通載具(手機條碼、自然人憑證)，因此在本站可選擇無載具或手機條碼或自然人憑證的載具方式去儲存電子發票。', 1),
(15, '訂單問題', '請問我要怎麼確定我有訂購成功呢？', '您可以登入會員，進入網站上方【會員中心】的【訂購紀錄】查詢。有下單成功的訂單，會顯示在訂購紀錄上，如果都沒有顯示，表示您當初未完成訂單或訂購失敗。', 1),
(16, '訂單問題', '哪裡可以查看我的出貨日期呢？', '您可以登入會員，進入網站上方【會員中心】的【訂購紀錄】查詢出貨日期哦。', 1),
(17, '訂單問題', '訂單成立後是否可以修改訂單商品及數量？', '已下定的訂單無法修改，如需調整訂單內容請直接連繫客服人員協助修改訂單內容!', 1),
(18, '訂單問題', '訂單成立後是否可以取消？', '訂單成立後即進入出貨流程，所以無法取消訂單!', 1),
(19, '禮物卡相關', '我的禮物卡如何激活和使用？', '通常情況下，您的禮物卡在購買後會自動激活。如果您收到一張未激活的禮物卡，請聯繫我們的客戶服務部門以獲取幫助。', 1),
(20, '禮物卡相關', '我可以在您的電商網站上使用禮物卡嗎？', '是的，您可以在我們的電商網站上使用禮物卡。我們提供禮物卡作為購物的付款方式。', 1),
(21, '禮物卡相關', '我可以將禮物卡的餘額轉讓給其他人嗎？', '通常情況下，禮物卡的餘額是不可轉讓的。禮物卡通常僅限於原始購買者使用或指定的收禮者使用。請確保您在購買禮物卡時了解相關的使用條款和限制。', 1),
(22, '退換貨問題', '如何退換貨?', '若退換貨的原因是產品本身的瑕疵，可歸咎於本公司的過失，請於24H內透過LINE聯繫客服人員。', 1),
(23, '退換貨問題', '換貨的運費由誰承擔？', '在正常情況下，如果換貨是由於商品損壞、缺陷或與訂購不符，我們將承擔換貨的運費。這包括退回損壞或有問題的商品以及重新發送新的商品的運費。', 1),
(24, '退換貨問題', '我可以換成不同的商品嗎？', '通常情況下，如果您符合換貨的條件，您可以選擇將商品換成不同的商品。換貨的可行性取決於庫存狀況和可用性。請聯繫我們的客戶服務部門，向他們提出換貨要求，並告知您希望換成的商品', 1);

-- --------------------------------------------------------

--
-- 資料表結構 `game`
--

DROP TABLE IF EXISTS `game`;
CREATE TABLE IF NOT EXISTS `game` (
  `result_no` int NOT NULL,
  `personality` varchar(10) CHARACTER SET utf8mb4 COLLATE utf8mb4_general_ci NOT NULL,
  `content` varchar(200) CHARACTER SET utf8mb4 COLLATE utf8mb4_general_ci NOT NULL,
  `status` tinyint NOT NULL COMMENT '0:未套用\r\n1:套用',
  `dish1` int NOT NULL,
  `dish2` int NOT NULL,
  `dish3` int NOT NULL,
  `dish4` int NOT NULL,
  PRIMARY KEY (`result_no`),
  KEY `game_ibfk_1` (`dish1`),
  KEY `game_ibfk_2` (`dish2`),
  KEY `game_ibfk_3` (`dish3`),
  KEY `dish4` (`dish4`)
) ENGINE=InnoDB DEFAULT CHARSET=utf8mb4 COLLATE=utf8mb4_general_ci;

--
-- 傾印資料表的資料 `game`
--

INSERT INTO `game` (`result_no`, `personality`, `content`, `status`, `dish1`, `dish2`, `dish3`, `dish4`) VALUES
(1, '冒險家', '對新奇和刺激的渴望使你喜歡嘗試不同的味道和料理、你尋求新的口味體驗、並享受冒烹飪過程', 1, 12, 9, 22, 26),
(2, '安逸享受者', '你對舒適和享受的追求使你喜歡選擇家常菜和溫和口味的食物。你尋求平衡和放鬆，享受那種讓你感到舒服和滿足的味道。', 1, 13, 2, 19, 29),
(3, '創意人格', '你的豐富創意和熱情驅使你追求獨特的飲食體驗。你喜歡嘗試新穎的料理和特色小吃，並將食物視為藝術和表達自我的方式。', 1, 3, 6, 18, 28),
(4, '社交達人', '你喜歡社交和人際交往，食物在社交場合中扮演重要角色。你喜歡分享美食，享受小吃和下午茶點等輕鬆的社交餐點。', 1, 7, 11, 24, 25),
(5, '健康控', '你對健康和營養的關注使你傾向選擇健康沙拉、素食料理和天然有機食物。你重視身體健康和營養均衡的飲食習慣。', 1, 1, 5, 23, 27),
(6, '情感探索者', '你對健康和營養的關注使你傾向選擇健康沙拉、素食料理和天然有機食物。你重視身體健康和營養均衡的飲食習慣。', 1, 14, 8, 15, 32);

-- --------------------------------------------------------

--
-- 資料表結構 `giftcard`
--

DROP TABLE IF EXISTS `giftcard`;
CREATE TABLE IF NOT EXISTS `giftcard` (
  `giftcard_no` int NOT NULL,
  `owner` int NOT NULL,
  `giver` int NOT NULL,
  `gifrcard_pic_url` varchar(20) CHARACTER SET utf8mb4 COLLATE utf8mb4_general_ci NOT NULL,
  `giftcard_money` int NOT NULL,
  `giftcard_balance` int NOT NULL,
  `giftcard_purchase_date` date NOT NULL,
  PRIMARY KEY (`giftcard_no`),
  KEY `owner` (`owner`),
  KEY `giver` (`giver`)
) ENGINE=InnoDB DEFAULT CHARSET=utf8mb4 COLLATE=utf8mb4_general_ci;

--
-- 傾印資料表的資料 `giftcard`
--

INSERT INTO `giftcard` (`giftcard_no`, `owner`, `giver`, `gifrcard_pic_url`, `giftcard_money`, `giftcard_balance`, `giftcard_purchase_date`) VALUES
(1, 1, 2, 'giftcard_defaultpic_', 5000, 600, '2023-07-01'),
(2, 2, 3, 'giftcard_defaultpic_', 1000, 0, '2023-07-02'),
(3, 3, 4, 'giftcard_defaultpic_', 500, 100, '2023-07-03'),
(4, 4, 5, 'giftcard_defaultpic_', 500, 100, '2023-07-04'),
(5, 5, 6, 'giftcard_defaultpic_', 3000, 1000, '2023-07-05');

-- --------------------------------------------------------

--
-- 資料表結構 `giftcard_pic`
--

DROP TABLE IF EXISTS `giftcard_pic`;
CREATE TABLE IF NOT EXISTS `giftcard_pic` (
  `giftcard_pic_no` int NOT NULL,
  `giftcard_pic_name` varchar(20) CHARACTER SET utf8mb4 COLLATE utf8mb4_general_ci NOT NULL,
  `giftcard_pic_type` varchar(20) CHARACTER SET utf8mb4 COLLATE utf8mb4_general_ci NOT NULL,
  `giftcard_defaultpic_url` varchar(20) CHARACTER SET utf8mb4 COLLATE utf8mb4_general_ci NOT NULL,
  `giftcard_pic_date` datetime NOT NULL,
  `giftcard_pic_status` tinyint NOT NULL COMMENT '0: 上架\r\n1: 下架',
  PRIMARY KEY (`giftcard_pic_no`)
) ENGINE=InnoDB DEFAULT CHARSET=utf8mb4 COLLATE=utf8mb4_general_ci;

--
-- 傾印資料表的資料 `giftcard_pic`
--

INSERT INTO `giftcard_pic` (`giftcard_pic_no`, `giftcard_pic_name`, `giftcard_pic_type`, `giftcard_defaultpic_url`, `giftcard_pic_date`, `giftcard_pic_status`) VALUES
(1, '經典鮮食空投箱', '品牌', 'giftcard_defaultpic_', '2023-07-01 10:50:43', 0),
(2, '香菇經典空投箱', '品牌', 'giftcard_defaultpic_', '2023-07-02 10:50:43', 0),
(3, '新鮮蔬果', '品牌', 'giftcard_defaultpic_', '2023-07-03 10:52:13', 0),
(4, '小動物生日快樂', '節慶', 'giftcard_defaultpic_', '2023-07-04 10:52:13', 0),
(5, '滿版生日快樂', '節慶', 'giftcard_defaultpic_', '2023-07-05 10:52:13', 0),
(6, '寫實新鮮蔬果', '品牌', 'giftcard_defaultpic_', '2023-07-06 10:52:13', 0);

-- --------------------------------------------------------

--
-- 資料表結構 `ingred`
--

DROP TABLE IF EXISTS `ingred`;
CREATE TABLE IF NOT EXISTS `ingred` (
  `ingred_no` int NOT NULL,
  `ingred_name` varchar(24) CHARACTER SET utf8mb4 COLLATE utf8mb4_general_ci NOT NULL,
  `allergy` tinyint NOT NULL COMMENT '0:非過敏原\r\n1:過敏原',
  PRIMARY KEY (`ingred_no`)
) ENGINE=InnoDB DEFAULT CHARSET=utf8mb4 COLLATE=utf8mb4_general_ci;

--
-- 傾印資料表的資料 `ingred`
--

INSERT INTO `ingred` (`ingred_no`, `ingred_name`, `allergy`) VALUES
(1, '蛋', 1),
(2, '番茄', 0),
(3, '洋蔥', 0),
(4, '蒜末', 1),
(5, '胡椒粉', 0),
(6, '香菜', 0),
(7, '鹽', 0),
(8, '青蔥', 1),
(9, '蛤蠣', 1),
(10, '奶油', 1),
(11, '啤酒', 1),
(12, '海帶絲', 0),
(13, '美乃滋醬', 0),
(14, '茄子', 1),
(15, '薑末', 0),
(16, '辣椒粉', 1),
(17, '醬油', 1),
(18, '糖', 1),
(19, '白芝麻', 1),
(20, '新鮮生貝', 1),
(21, '檸檬', 0),
(22, '牛油', 0),
(23, '大蒜', 1),
(24, '新鮮香草', 0),
(25, '豆腐', 1),
(26, '豬絞肉', 0),
(27, '辣豆瓣醬', 1),
(28, '蒸熟的白飯', 0),
(29, '黑芝麻', 1),
(30, '蔥花', 0),
(31, '香菜碎', 0),
(32, '鮮魚', 1),
(33, '泡椒', 1),
(34, '薑絲', 0),
(35, '雞肉', 0),
(36, '紅蘿蔔', 0),
(37, '牛肉', 0),
(38, '紅辣椒', 1),
(39, '青椒', 0),
(40, '大蒜瓣', 1),
(41, '蕃茄', 0),
(42, '番茄醬', 0),
(43, '高湯', 0),
(44, '橄欖油', 0),
(45, '黑胡椒粉', 0),
(46, '綠咖喱醬', 0),
(47, '椰奶', 1),
(48, '瓣大蒜', 1),
(49, '檸檬葉', 0),
(50, '魚露', 1),
(51, '新鮮泰國香菜', 0),
(52, '羊肉肩胛肉', 0),
(53, '新鮮迷迭香', 0),
(54, '新鮮百里香', 0),
(55, '新鮮酸橙汁', 0),
(56, '檸檬汁', 0),
(57, '西班牙海鮮燉飯底', 0),
(58, '海鮮混合物', 0),
(59, '番紅花', 0),
(60, '義大利米', 0),
(61, '蕃茄罐頭', 0),
(62, '高湯或水', 0),
(63, '辣椒醬', 1),
(64, '櫻花蝦', 1),
(65, '麵粉', 1),
(66, '麻油', 0),
(67, '冷水', 0),
(68, '油', 0),
(69, '越南河粉（即米粉）', 0),
(70, '雞肉或牛肉', 0),
(71, '雞湯或牛肉湯', 0),
(72, '生豆芽', 0),
(73, '辣椒', 1),
(74, '蒜頭', 1),
(75, '蔓越莓乾', 0),
(76, '千層麵片', 0),
(77, '牛絞肉', 0),
(78, '罐裝番茄醬', 0),
(79, '番茄醬膏', 0),
(80, '乾燥香料', 0),
(81, '越南河粉', 0),
(82, '莫札瑞拉乳酪', 1),
(83, '帕馬森乳酪', 1),
(84, '鮮魚片（如鮭魚、鱈魚等）', 1),
(85, '蔥', 0),
(86, '味噌', 0),
(87, '海帶（昆布）', 0),
(88, '温水', 0),
(89, '韓國辣椒醬（Gochujang）', 1),
(90, '韓國辣椒粉（Gochugaru）', 1),
(91, '雞湯或蔬菜湯', 0),
(92, '高湯（雞湯或蔬菜湯）', 0),
(93, '白酒（選擇性）', 1),
(94, '乾白葡萄酒', 1),
(95, '百里香', 0),
(96, '洋蔥湯包或香料袋', 0),
(97, '紅椒', 0),
(98, '磨碎的帕瑪森芝士（或其他起司）', 0),
(99, '薑', 0),
(100, '香茅', 0),
(101, '蜂蜜', 1),
(102, '魚肉或蝦肉', 1),
(103, '蔬菜（例如洋蔥、蒜頭、紅蘿蔔、馬鈴薯等）', 1),
(104, '葡萄牙香腸（可選）', 0),
(105, '蔬菜湯或魚湯', 1),
(106, '蕃茄醬', 0),
(107, '歐芹', 0),
(108, '黃瓜', 0),
(109, '黃椒', 0),
(110, '醋', 0),
(111, '麵包', 0),
(112, '青蔥或歐芹', 0),
(113, '米醋', 0),
(114, '罐裝番茄', 0),
(115, '花椒粉', 0),
(116, '蔬菜湯或雞湯', 0),
(117, '玉米餅（可選）', 0),
(118, '雞肉或蝦肉', 1),
(119, '蔬菜（例如洋蔥、蘑菇、番茄等）', 0),
(120, '青檸葉', 0),
(121, '檸檬草', 0),
(122, '蔥段', 0),
(123, '雞湯或清水', 0),
(124, '青檸汁', 0),
(125, '擺盤所需的食材（例如，薄荷葉或檸檬片）', 0),
(126, '葡萄', 0),
(127, '香菜或泰國香菜（可選）', 0),
(128, '西芹', 0),
(129, '香菇', 0),
(130, '高湯或蔬菜湯', 0),
(131, '義大利細麵或通心粉', 0),
(132, '義大利香草調味料（如乾燥的羅勒、百里香、迷迭香）', 0),
(133, '砂糖', 1),
(134, '白醋', 0),
(135, '水', 0),
(136, '生菜葉', 0),
(137, '雞肉或牛肉絲', 0),
(138, '青檸', 0),
(139, '蜜瓜', 0),
(140, '花生碎', 1),
(141, '麥麩', 1),
(142, '黑豆罐頭', 1),
(143, '青瓜', 0),
(144, '紅洋蔥', 0),
(145, '薄荷葉', 0),
(146, '馬鈴薯', 0),
(147, '瑪撒拉粉', 0),
(148, '黑鹽', 0),
(149, '生菜', 0),
(150, '雞胸肉', 0),
(151, '帕馬森乾酪', 0),
(152, '西瓜', 0),
(153, '蜜瓜', 0);

-- --------------------------------------------------------

--
-- 資料表結構 `opinion`
--

DROP TABLE IF EXISTS `opinion`;
CREATE TABLE IF NOT EXISTS `opinion` (
  `opinion_no` int NOT NULL,
  `member` int NOT NULL,
  `recipeno` int NOT NULL,
  `experience` varchar(100) CHARACTER SET utf8mb4 COLLATE utf8mb4_general_ci NOT NULL,
  `opinion_no_pic` varchar(20) CHARACTER SET utf8mb4 COLLATE utf8mb4_general_ci NOT NULL,
  `share_time` datetime NOT NULL,
  `state` tinyint NOT NULL COMMENT '0:上架\r\n1:下架',
  PRIMARY KEY (`opinion_no`),
  KEY `member` (`member`),
  KEY `recipeno` (`recipeno`)
) ENGINE=InnoDB DEFAULT CHARSET=utf8mb4 COLLATE=utf8mb4_general_ci;

--
-- 傾印資料表的資料 `opinion`
--

INSERT INTO `opinion` (`opinion_no`, `member`, `recipeno`, `experience`, `opinion_no_pic`, `share_time`, `state`) VALUES
(1, 1, 10, '我就說這道菜很屌~', 's1.jpg,p1.jpg', '2023-07-27 11:31:45', 0),
(2, 2, 10, '今天翹課坐火車回家，就是為了媽媽煮的這道菜！', 's2.jpg,p2.jpg', '2023-07-27 11:31:45', 0),
(3, 3, 10, '住太遠uber送不到，只好自己在家做了。', 's3.jpg,p3.jpg', '2023-07-27 11:39:14', 0),
(4, 4, 10, '覺得好吃的舉手~', 's4.jpg,p4.jpg', '2023-07-27 11:39:14', 0),
(5, 5, 10, '剛從美國釣到的鮮魚，拿來做菜最適合', 's5.jpg,p5.jpg', '2023-07-27 11:39:14', 0),
(6, 6, 10, '看到檸檬葉要怎麼樣~馬上做成綠咖哩', 's6.jpg,p1.jpg', '2023-07-27 11:39:14', 0),
(7, 7, 10, '做到第幾道菜了?', 's7.jpg,p2.jpg', '2023-07-27 11:39:14', 0),
(8, 8, 10, '感謝分享~~', 's1.jpg,p3.jpg', '2023-07-27 11:39:14', 0),
(9, 9, 10, '綠咖哩中加入椰奶可以平衡辣味~', 's2.jpg,p4.jpg', '2023-07-27 11:39:14', 0),
(10, 10, 10, '如果你喜歡海鮮，將鮮蝦或魚片加入綠咖哩中，可以有豐富的海鮮風味，讓整道菜更好吃。', 's3.jpg,p5.jpg', '2023-08-02 11:38:00', 0),
(11, 1, 10, '謝謝分享🤤🤤🤤好吃～～ 味道好棒', 's4.jpg,p1.jpg', '2023-07-27 11:39:14', 0),
(12, 2, 10, '我喜歡在綠咖哩中使用新鮮的青辣椒，它們帶來了濃郁的辣味和清新的風味，讓整道菜更加美味。', 's5.jpg,p2.jpg', '2023-07-27 11:39:14', 0);

-- --------------------------------------------------------

--
-- 資料表結構 `orders`
--

DROP TABLE IF EXISTS `orders`;
CREATE TABLE IF NOT EXISTS `orders` (
  `ord_no` int NOT NULL,
  `cus_no` int NOT NULL,
  `ord_date` datetime NOT NULL,
  `payment` tinyint NOT NULL COMMENT '0:ATM轉帳\r\n1:信用卡\r\n2:貨到付款\r\n3:禮物卡',
  `ord_price` int NOT NULL,
  `discount_price` int NOT NULL,
  `total_price` int NOT NULL,
  `ord_addr` varchar(50) CHARACTER SET utf8mb4 COLLATE utf8mb4_general_ci NOT NULL,
  `ord_cus` varchar(20) CHARACTER SET utf8mb4 COLLATE utf8mb4_general_ci NOT NULL,
  `ord_phone` varchar(20) CHARACTER SET utf8mb4 COLLATE utf8mb4_general_ci NOT NULL,
  `ord_credit_no` varchar(20) CHARACTER SET utf8mb4 COLLATE utf8mb4_general_ci NOT NULL,
  `ord_credit_name` varchar(20) CHARACTER SET utf8mb4 COLLATE utf8mb4_general_ci NOT NULL,
  `discount_cardno` int DEFAULT NULL,
  PRIMARY KEY (`ord_no`),
  KEY `discount_cardno` (`discount_cardno`),
  KEY `cus_no` (`cus_no`)
) ENGINE=InnoDB DEFAULT CHARSET=utf8mb4 COLLATE=utf8mb4_general_ci;

--
-- 傾印資料表的資料 `orders`
--

INSERT INTO `orders` (`ord_no`, `cus_no`, `ord_date`, `payment`, `ord_price`, `discount_price`, `total_price`, `ord_addr`, `ord_cus`, `ord_phone`, `ord_credit_no`, `ord_credit_name`, `discount_cardno`) VALUES
(1, 1, '2023-08-01 20:12:12', 0, 680, 100, 1580, '320 桃園市中壢區復興路46號', '江雨停', '0933-099932', '3214-6875-9856-6584', 'Carlos Gaddis', 1),
(2, 3, '0000-00-00 00:00:00', 127, 680, 0, 320, '桃園市中壢區汪汪路1號', '王大邱', '0933-567890', '1234-5678-1234-5678', 'Chuuu Wang', 2),
(3, 4, '0000-00-00 00:00:00', 127, 3680, 500, 320, '桃園市中壢區喵喵路2號', '林小慧', '0912-345678', '5247-8658-8958-1236', 'Wendy Lin', 3),
(4, 5, '0000-00-00 00:00:00', 127, 1080, 1080, 320, '桃園市中壢區哀哀路3號', '陳小廷', '0966-987654', '6548-9989-6564-3221', 'Timmy Chen', 4);

-- --------------------------------------------------------

--
-- 資料表結構 `recipe`
--

DROP TABLE IF EXISTS `recipe`;
CREATE TABLE IF NOT EXISTS `recipe` (
  `recipe_no` int NOT NULL,
  `recipe_name` varchar(24) CHARACTER SET utf8mb4 COLLATE utf8mb4_general_ci NOT NULL,
  `step` varchar(1000) CHARACTER SET utf8mb4 COLLATE utf8mb4_general_ci NOT NULL,
  `state` tinyint NOT NULL COMMENT '0:上架\r\n1:下架',
  `des` varchar(200) CHARACTER SET utf8mb4 COLLATE utf8mb4_general_ci NOT NULL,
  `recipe_pic` varchar(500) CHARACTER SET utf8mb4 COLLATE utf8mb4_general_ci NOT NULL,
  `class` tinyint NOT NULL COMMENT '0:主菜\r\n1:湯品\r\n2:沙拉',
  PRIMARY KEY (`recipe_no`)
) ENGINE=InnoDB DEFAULT CHARSET=utf8mb4 COLLATE=utf8mb4_general_ci;

--
-- 傾印資料表的資料 `recipe`
--

INSERT INTO `recipe` (`recipe_no`, `recipe_name`, `step`, `state`, `des`, `recipe_pic`, `class`) VALUES
(1, '滑嫩番茄蛋', '打散蛋液\r\n將蛋打入碗中。\r\n加入少許鹽和胡椒粉。\r\n輕輕攪拌均勻，使蛋液混合均勻。\r\n炒煮番茄和洋蔥\r\n在一個平底鍋中，加熱一些油。\r\n加入洋蔥和蒜末，炒至洋蔥變軟。\r\n加入番茄塊，繼續炒煮幾分鐘，直到番茄稍微軟化。\r\n加入蛋液\r\n將打散的蛋液倒入鍋中。\r\n用筷子或湯匙輕輕攪拌，使蛋液均勻分佈在番茄和洋蔥之間。\r\n繼續翻炒幾分鐘，直到蛋液完全凝固，形成滑嫩的蛋花。\r\n上桌前處理\r\n確認蛋已經熟透且番茄軟化。將滑嫩番茄蛋盛入碗中。可以撒上一些切碎的青蔥或香菜作為裝飾。', 0, '一道經典的中式家常菜，以蛋和番茄為主要食材。蛋質滑嫩細膩，番茄酸甜多汁，兩者完美融合，口感豐潤鮮美。烹調過程中，蛋在滑嫩的口感中釋放出淡淡的香氣，而番茄的酸甜味道為整道菜增添了活力和鮮明的色彩。這道菜色簡單易做，不僅適合作為主菜，也可搭配米飯或麵食享用。						', '1tomaot_egg.jpg', 0),
(2, '奶油啤酒蛤蠣', '清洗蛤蠣\r\n將蛤蠣浸泡在鹽水中約15分鐘，以去除其中的沙粒。清洗蛤蠣外殼，將任何破損的蛤蠣丟棄。\r\n烹煮蛤蠣\r\n在一個大鍋中，加入奶油，煮至融化。加入洋蔥和蒜末，炒至香氣散發。加入啤酒，煮沸後轉中小火。將蛤蠣放入鍋中，蓋上鍋蓋，煮約5-7分鐘，或直到蛤蠣打開。\r\n調味與裝盤\r\n根據個人口味，加入適量的鹽和胡椒粉調味。將煮好的蛤蠣撒上香菜，可以加強風味。將蛤蠣和湯汁盛入碗中，配上烤麵包或其他喜歡的主食。\r\n上桌前處理\r\n熱蓋住鍋中的蛤蠣湯，以保持溫熱狀態。將湯汁倒入碗中，將蛤蠣舉起，並用湯匙舀取湯汁。配以烤麵包或其他喜歡的主食，即可享受美味的奶油啤酒蛤蠣。', 0, '奶油啤酒蛤蠣是一道令人垂涎欲滴的料理。以奶油、啤酒和蛤蠣為主要成分，結合了濃郁的口感和豐富的香氣。奶油賦予了我滑順的柔和感，啤酒帶來微妙的苦味和麥香，而蛤蠣則展現出海洋的鮮味。', '2creamy_beer_clam.jpg', 0),
(3, '塔香茄子', '煎茄子\r\n在平底鍋中，加熱一些油。 將茄子放入鍋中，煎至兩面金黃且軟嫩。\r\n調製醬汁\r\n在一個碗中，加入蒜末、姜末、辣椒粉、醬油和糖。 均勻攪拌，使所有調味料充分混合。\r\n拌茄子\r\n將煎好的茄子放入一個大碗中。 倒入調製好的醬汁，輕輕拌勻，使茄子均勻沾滿醬汁。\r\n上桌前處理\r\n將拌好的塔香茄子盛入盤子或碗中。 可以撒上一些白芝麻和香菜作為裝飾。', 0, '塔香茄子是一道美味的料理。茄子切成片狀，炸至金黃酥脆，外皮酥脆內裡綿軟，搭配特製的香辣醬汁，帶來濃郁的香氣和口味。這道料理色香味俱佳，是素食愛好者和茄子愛好者的絕佳選擇。', '3basil_eggplant.jpg', 0),
(4, '生烤貝', '清洗貝類\r\n將貝類用水徹底清洗，去除表面的泥沙和雜質。 確保貝類的殼表面乾淨。\r\n預熱烤箱\r\n打開烤箱，調至高溫預熱，準備烤貝。 根據貝類的大小和種類，預熱溫度可根據需要調整，通常設定為200°C至220°C。\r\n烤貝\r\n在烤盤上鋪上一層鋁箔紙，放置貝類。 在每個貝類上加入一小塊牛油。你也可以將牛油切成小塊，均勻地分佈在所有貝類上。 在貝類上撒上切碎的大蒜。根據個人喜好，你可以使用少量或大量的大蒜。 均勻地撒上鹽和胡椒粉。 最後，撒上一些切碎的新鮮香草。選擇你喜歡的香草種類，或混合使用幾種香草，以增添風味。 將貝類放入預熱的烤箱中，烤約5-10分鐘，或直到貝殼開啟和肉質變熟。烤的時間會因貝類的大小而有所不同，請留意貝殼開啟的程度和肉質的變化。\r\n上桌前處理\r\n將烤好的生貝取出，放在盤子或碟子上。 可以擺上一些新鮮檸檬片作為伴碟，增添風味。', 0, '生烤貝是一道精緻的海鮮料理。選用新鮮的貝類，以生烤方式烹調，保留了海鮮的原汁原味。外層烤至微焦，內裡鮮嫩多汁，散發著迷人的海洋香氣。這道料理口感豐富，是海鮮愛好者們無法抗拒的美味享受。', '4grill_clam.jpg', 0),
(5, '麻婆豆腐', '炒香調味料\r\n在鍋中加熱一些油。 加入蒜末和薑末，炒香散發香味。\r\n炒豬肉和豆瓣醬\r\n加入豬絞肉，煮至熟透， 加入辣豆瓣醬，繼續翻炒均勻。\r\n加入豆腐和調味\r\n加入切好的豆腐，輕輕攪拌均勻。 加入醬油，根據個人口味調整鹹度。\r\n上桌前處理\r\n將炒好的麻婆豆腐盛入盤子或碗中。 可以撒上一些青蔥作為裝飾。', 0, '麻婆豆腐是一道有著濃郁辣味的川菜。它由豆腐和辣椒醬一起烹製而成，擁有濃厚的麻辣口感。麻婆豆腐的特點是豆腐嫩滑，醬汁香濃，且配上碎肉和豆豉，口感豐富。這道菜色香味俱佳，適合喜歡吃辣且喜愛豆腐的人品嚐。', '5mapo_tofu.jpg', 0),
(6, '中華彗星炒飯', '炒蛋\r\n在一個平底鍋中，加熱一些油。 打入雞蛋，用筷子或蛋拂輕輕攪拌，使蛋液均勻混合。 炒至蛋液熟透，可以選擇留成大塊或撕碎成小塊。\r\n炒飯\r\n在同一個平底鍋中，加熱一些油。 加入蒸熟的白飯，用鍋鏟拌炒，確保每粒飯都均勻受熱。 加入醬油、鹽和胡椒粉，繼續翻炒均勻，使調味料充分融合。\r\n加入炒蛋\r\n將炒好的蛋加入炒飯中，繼續翻炒均勻，使蛋和飯充分混合。 確保蛋炒飯均勻上色和調味。\r\n上桌前處理\r\n將炒好的中華彗星蛋炒飯盛入盤子或碗中 可以撒上一些蔥花或香菜碎作為裝飾。', 0, '中華彗星炒飯是一道中國特色的經典炒飯菜品。它以米飯為主要食材，搭配鮮嫩的海鮮、蔬菜和香氣四溢的調味料炒製而成。炒飯風味豐富，口感獨特，飽滿的米粒與彈牙的海鮮交織出絕佳的口感。', '6friedrice.jpg', 0),
(7, '泡椒炒鮮魚', '調製醬汁\r\n在一個碗中，加入醬油、醋、糖和水，按照個人口味調整比例。 均勻攪拌，使所有調味料充分混合。\r\n炒魚塊\r\n在平底鍋中，加熱一些油。 加入大蒜和薑絲，炒香散發香味。 加入鮮魚塊，快速翻炒，使其均勻受熱。 倒入調製好的醬汁，繼續翻炒均勻，使魚塊充分吸收醬汁。\r\n加入泡椒\r\n加入切碎的泡椒，繼續翻炒均勻，使泡椒與魚塊充分結合。 根據個人辣度喜好，可以增減泡椒的量。\r\n上桌前處理\r\n將炒好的泡椒炒鮮魚盛入盤子或碗中。 可以撒上一些青蔥作為裝飾。', 0, '它以鮮嫩的魚肉為主要食材，搭配香辣的泡椒和各種調味料烹調而成。這道菜口感鮮嫩，辣味十足，配上泡椒的香氣，給人一種刺激又開胃的感覺。烹調時通常加入蔬菜和香料，使整道菜更加豐富美味。', '7bell_pepper_fish.jpg', 0),
(8, '法國紅酒燉雞', '煎雞肉\r\n在一個大鍋中，加熱2湯匙橄欖油。 將雞肉放入鍋中，煎至兩面金黃色。取出雞肉備用。\r\n燉煮\r\n在同一個鍋中，加入洋蔥、紅蘿蔔和大蒜，炒煮約5分鐘，直到蔬菜軟化。 將煎好的雞肉放回鍋中。 加入2杯紅酒，讓其煮沸。 添加2杯雞湯、2片迷迭香、2片百里香，調味鹽和胡椒粉。 改為小火燉煮約45分鐘至1小時，或直到雞肉變得嫩滑。\r\n調味\r\n檢查味道，根據個人喜好添加鹽和胡椒調味。 如果湯汁過稀，可用2湯匙麵粉或玉米澱粉與少量水混合，加入鍋中調稠。\r\n上菜\r\n將紅酒燉雞盛入碗中，可以搭配熱飯或烤麵包享用。', 0, '以雞肉和紅酒為主要材料，搭配洋蔥、紅蘿蔔和香草等調味料慢慢燉煮而成。雞肉鮮嫩多汁，紅酒的醇厚風味與香料的香氣相互融合，讓整道菜散發出濃郁的美味。這道菜燉煮時間長，使雞肉入味且更加柔軟。法國紅酒燉雞是法國菜中受歡迎的經典菜式之一，帶來了豐富的口感和風味。', '8Coqauvin.jpg', 0),
(9, '阿根廷燉牛肉', '燉煮牛肉\r\n在一個大型鍋中，加熱橄欖油，將牛肉塊放入鍋中煎至兩側呈金黃色。\r\n加入洋蔥、紅辣椒、青椒和大蒜，繼續翻炒約5分鐘，直到蔬菜變軟。\r\n加入蕃茄罐頭和番茄醬，攪拌均勻混合。\r\n慢慢倒入牛肉湯或高湯，使其蓋過牛肉塊。\r\n用鹽和黑胡椒粉調味，蓋上鍋蓋，轉至中小火燉煮約2到3小時，直到牛肉軟嫩。\r\n檢查調味\r\n檢查牛肉是否已經軟嫩，如仍然有些硬，可以再燉煮一段時間。\r\n嚐一口湯汁，根據個人口味添加鹽和黑胡椒粉。\r\n加入番茄塊，繼續炒煮幾分鐘，直到番茄稍微軟化。\r\n上桌前處理\r\n可選擇將燉牛肉配以阿根廷的炒香米或地瓜泥等食物。\r\n在上菜前，撒上新鮮的香菜或歐芹碎添增風味。', 0, '以牛肉為主料，搭配洋蔥、紅蘿蔔、番茄和香料，經過長時間的燉煮而成。牛肉入口即化，湯汁濃郁，配料豐富。這道菜色澤誘人，風味濃郁，是阿根廷的代表性菜式之一。無論是在家中享用還是在餐廳品嚐，阿根廷燉牛肉都是令人垂涎欲滴的美食選擇。', '9Argentinian_beef_stew.jpg', 0),
(10, '泰國綠咖喱', '烹飪肉塊\r\n在一個大鍋中，加熱一些椰子油，將肉塊煎至兩側呈金黃色。\r\n把煎好的肉塊取出備用。\r\n煮綠咖喱醬\r\n在同一個鍋中，加熱一些椰子油，加入洋蔥、紅辣椒和大蒜，炒熟至香氣散發出來。\r\n加入綠咖喱醬，與蔬菜翻炒均勻混合。\r\n慢慢倒入椰奶，攪拌均勻混合。\r\n加入檸檬葉、魚露和糖，繼續攪拌均勻。\r\n烹飪咖喱\r\n把煮熟的肉塊放回鍋中，攪拌均勻裹上咖喱醬。\r\n蓋上鍋蓋，轉至中小火煮15-20分鐘，直到肉塊熟透且咖喱醬的味道完全融入肉中。\r\n在煮的過程中，根據個人口味添加鹽調味。', 0, '泰國綠咖喱是一道經典的泰國料理。它以綠色咖喱醬為基礎，配合豐富的蔬菜和選擇性的肉類或海鮮。咖喱醬的味道辛辣香濃，加上椰奶的濃郁和蔬菜的清爽，營造出一道香氣撲鼻、口感豐富的美食。泰國綠咖喱給人帶來了獨特的泰國風味，是許多人喜愛的料理之一。', '10green_curry.jpg', 0),
(11, '希臘烤羊肉', '醃製羊肉\r\n在一個大碗中，混合橄欖油、大蒜、迷迭香、百里香、酸橙汁和檸檬汁，調成均勻的醬汁。\r\n將羊肉放入碗中，用醬汁均勻地塗抹在羊肉上。\r\n用保鮮膜蓋好碗，放入冰箱醃製至少2小時，最好過夜，使羊肉充分吸收調味料的風味。\r\n烤羊肉\r\n預熱烤箱至200°C（400°F）。\r\n將醃製好的羊肉取出，放在烤盤上。保留剩餘的醬汁。\r\n在羊肉上均勻地撒上鹽和黑胡椒粉。\r\n把烤盤放入預熱的烤箱中，烤約25-30分鐘，或直到羊肉表面金黃色且熟透。根據肉塊的大小和烤箱的溫度，烹飪時間可能會有所不同，請根據需要調整。\r\n調製醬汁\r\n將剩餘的醬汁倒入小鍋中。\r\n在中小火上加熱醬汁，煮沸並稍微收汁，使其濃稠一些。\r\n上桌前處理\r\n將烤好的羊肉從烤盤上取出，放在切割板上稍微休息幾分鐘。\r\n將羊肉切成薄片，以便上桌時更容易享用。\r\n將切好的羊肉盛盤，淋上事先煮沸並濃稠的醬汁。\r\n可以搭配希臘風味的配菜，例如新鮮沙拉、烤地瓜、希臘風味的米飯或麵包。\r\n最後，擺盤整齊，可選擇撒上新鮮的迷迭香或百里香碎作為裝飾，讓希臘烤羊肉更加吸引人。', 0, '希臘烤羊肉是一道充滿地中海風味的美食。選用優質的羊肉，搭配特製的希臘香料和橄欖油，經過烤箱或炭火燒烤而成。羊肉質地鮮嫩多汁，香料的滋味融入其中，帶來濃郁的風味。這道料理讓您品味到希臘特有的烤肉美味，絕對是肉食愛好者的首選。', '11greece_roast_lamb.jpg', 0),
(12, '西班牙海鮮燉飯', '燉煮底料\r\n在大平底鍋或燉飯鍋中加熱橄欖油。\r\n加入洋蔥和大蒜，炒至軟化。\r\n加入西班牙海鮮燉飯底和番紅花，繼續炒一會兒，使香味釋放出來。\r\n加入米飯和液體\r\n加入義大利米，用木勺攪拌均勻，讓米飯均勻沾滿底料。\r\n加入切碎的蕃茄罐頭和高湯或水，攪拌均勻。\r\n調整火力至中小火，蓋上鍋蓋，讓米飯煮約15分鐘，或直到米飯快熟但仍有一點硬度。\r\n加入海鮮\r\n將海鮮混合物均勻地放在燉飯鍋的表面。\r\n再次蓋上鍋蓋，繼續煮約5分鐘，直到海鮮熟透。\r\n上桌前處理\r\n檢查米飯是否已煮熟且吸收了湯汁，如果需要，可以再加入少量高湯或水。\r\n確認調味，根據個人口味加入鹽和胡椒調整。\r\n可以撒上一些切碎的香菜或青蔥作為裝飾。', 0, '西班牙海鮮燉飯是一道傳統的西班牙料理，以海鮮為主要成分。它以米飯、番茄、洋蔥、蒜頭和橄欖油為基礎，再加入新鮮的海鮮，如蝦、蚌、魚肉等，經過燉煮的過程，使米飯吸收了海鮮的鮮味。這道菜色濃郁，口感豐富，常常以一鍋端上桌，是西班牙料理中的經典之一，也受到國際上的廣泛喜愛。', '12Spanish_Paella.jpg', 0),
(13, '日本櫻花蝦天婦羅', '製作麵糊\r\n在一個大碗中，將麵粉和少許鹽混合均勻。 在麵粉中打入雞蛋，並加入適量的冷水。 用筷子或打蛋器攪拌均勻，直到麵糊變得順滑且稍微稠稠的。\r\n準備櫻花蝦\r\n將櫻花蝦洗淨，去除殼和腸泥。 用廚房紙巾或吸水紙巾輕輕地將櫻花蝦上的水分吸乾。\r\n油炸櫻花蝦\r\n將油加熱至約180°C（350°F）的適當溫度。 把櫻花蝦放入製作好的麵糊中，用筷子輕輕攪拌均勻，確保每個櫻花蝦都被麵糊包裹著。 將麵糊包裹的櫻花蝦一片一片放入熱油中，不要一次放太多，以免黏在一起。 等到櫻花蝦變成金黃色並變脆，使用漏網或鍋鏟將炸好的櫻花蝦撈出，放在廚房紙巾上，讓多餘的油滲出。\r\n上桌前處理\r\n把炸好的櫻花蝦盛在盤子中，可以在上面撒上少許鹽或其他調味料。 搭配配菜、蘸醬（如天婦羅醬或醋醬）或配上白飯作為主餐。 最後，即可上桌享用這道美味的日本櫻花蝦天婦羅。', 0, '日本櫻花蝦天婦羅是一道美味的日本料理，以櫻花蝦為主要成分。櫻花蝦經過油炸處理後，呈現金黃酥脆的外層，內裡則是鮮嫩多汁的蝦肉。這道天婦羅常搭配蘿蔔絲和醋醬沾食，口感香脆，帶有濃郁的海鮮風味，是日本料理中的經典選擇之一，深受食客喜愛。', '13tempura.jpg', 0),
(14, '越南河粉湯', '煮河粉和肉片\r\n根據河粉包裝上的指示，將越南河粉泡在熱水中，直到軟化。然後用冷水沖洗河粉，使其保持彈性，瀝乾備用。 在一個鍋中煮沸湯，加入魚露、糖和鹽，調整味道。將肉片放入湯中，煮至熟透。如果使用生肉片，煮的時間需要更長。\r\n裝飾和調味\r\n準備青蔥、香菜、生豆芽等配菜，洗淨備用。 準備辣椒、蒜頭、檸檬等調味品，切碎或切片備用。\r\n組合湯和河粉\r\n將煮好的湯倒入碗中。 在碗中加入泡軟的河粉和煮熟的肉片。 加入所需的配菜，如青蔥、香菜和生豆芽。\r\n享用越南河粉湯\r\n可以根據個人口味，加入辣椒、蒜頭和檸檬汁調味。 搖動碗中的湯和河粉，使調味料均勻分佈。 準備湯匙和筷子，然後即可享用這道美味的越南河粉湯！', 0, '越南河粉湯是越南的傳統料理，以米粉為主要成分。這道湯將米粉搭配豐富的湯底，通常是用牛骨或雞骨熬煮而成。再加入切碎的牛肉或豬肉、新鮮的蔬菜、香菜和豆芽等配料，湯底鮮美而濃郁，米粉柔軟滑嫩。越南河粉湯是越南最受歡迎的街頭小吃之一，獨特的口感和獨特的調味使其成為人們喜愛的美食之一。', '14Vietnamese_noodles.jpg', 0),
(15, '意大利肉醬千層麵', '炒製肉醬\r\n在平底鍋中加熱少量油，加入切碎的洋蔥和大蒜，炒至軟化。 加入牛絞肉，煮熟並炒至肉變色。 倒入罐裝番茄醬和番茄醬膏，加入乾燥香料，鹽和胡椒調味。慢煮約15分鐘，讓肉醬變得濃稠。\r\n加入乳酪\r\n在最上一層麵片上均勻撒上莫札瑞拉乳酪。 您可以根據個人喜好添加帕馬森乳酪，以增添風味。\r\n烘烤\r\n將烤盤放入已預熱至180°C的烤箱中，烤約30分鐘或直到乳酪金黃色和起泡。 取出後稍微放涼片刻，然後切成份量適合的塊狀即可享用。', 0, '意大利肉醬千層麵是一道經典的意大利料理。它由多層麵片交替堆疊，夾著豐富的肉醬和白醬。每層麵片吸收醬汁的風味，經過烤製後，外層酥脆，內裡濕潤鮮美。這道菜具有濃郁的口感和美味的組合，深受人們喜愛。它是意大利料理中的經典之一，也在國際上廣受歡迎。', '15Lasagna.jpg', 0),
(16, '日本味噌鮮魚湯', '泡昆布\r\n將昆布用清水洗淨，然後放入鍋中，加入足夠的水浸泡，讓昆布的風味慢慢釋放。建議浸泡時間為至少30分鐘。\r\n煮魚湯\r\n將鍋中的昆布和水一同加熱，待水溫升高但還未煮沸時，取出昆布。接著，加入切成大塊的鮮魚，再加入洋蔥和蔥段，繼續用中火煮沸。如果湯出現浮沫，可以用網撇除。\r\n加入味噌\r\n等到魚湯煮滾後，從湯中取出一部分湯汁，放入一些味噌，然後用筷子或湯匙充分攪拌直到味噌完全溶解。然後，將溶解味噌的湯汁倒回鍋中，再次煮沸。\r\n上桌前處理\r\n繼續煮魚湯，直到魚肉熟爛，湯頭風味均勻。最後，根據個人口味，可以加入一些鹽調味。將湯盛入碗中，可以單獨享用，或搭配白飯等主食一同食用。', 0, '日本味噌鮮魚湯是一道傳統的日本料理。它以新鮮的魚肉和味噌為主要成分。將魚骨、魚頭和其他海鮮熬煮成湯底，再加入味噌、豆腐、蔬菜和海帶等配料。這道湯濃郁而香味十足，味噌的豐富風味使其成為一道令人愛不釋口的美食。味噌鮮魚湯在日本料理中非常常見，也是冬季取暖的理想選擇。', '16miso_soup.jpg', 1),
(17, '韓國辣椒醬湯', '調製湯底\r\n在一個湯鍋中加入雞湯或蔬菜湯，將火開中火燒熱。將韓國辣椒醬、韓國辣椒粉、蔥和大蒜加入湯鍋中，攪拌均勻。加入醬油和糖，繼續攪拌，使所有調味料混合在一起。\r\n煮豆腐\r\n將切好的豆腐輕輕放入湯鍋中。小心攪拌，以免豆腐碎裂。繼續煮煮豆腐，直到它變得溫熱且完全熟透。\r\n調整口味\r\n根據個人口味，加入適量的鹽調味。如果喜歡更辣的口味，可以再加入一些韓國辣椒粉。根據喜好，調整鹹度和甜度，添加更多的醬油或糖。\r\n上桌前處理\r\n將煮好的韓國辣椒醬湯倒入湯碗中。在湯面上灑上一些蔥花或香菜作為裝飾。可以單獨享用湯或搭配米飯一起食用。', 0, '韓國辣椒醬湯是一道具有辛辣風味的韓國料理。它以韓國辣椒醬（gochujang）為主要調味料，加入豆腐、蔬菜和肉類等配料。湯底通常以高湯或牛骨湯煮製而成。這道湯具有濃郁的辣椒味和豐富的口感，辣椒醬的鮮辣和香氣使其成為韓國料理中的經典選擇之一。它可作為主菜或配菜，為韓國料理愛好者帶來滿足感和獨特的風味體驗。', '17korean_spice_soup.jpg', 1),
(18, '法國洋蔥湯', '炒洋蔥\r\n在一個大鍋或湯鍋中，加入牛油和橄欖油，用中火加熱。將切好的洋蔥加入鍋中，用中低火慢炒約20分鐘，直到洋蔥變軟、變甜和金黃色。\r\n加入湯底\r\n倒入高湯，將火調至中高火煮沸。如果您選擇使用白酒和乾白葡萄酒，現在就加入。加入百里香，調味以適量的鹽和黑胡椒粉。\r\n煮沸和燉煮\r\n等湯開始煮沸後，降至中小火，蓋上鍋蓋，繼續燉煮約15-20分鐘，讓洋蔥和湯的風味充分融合。\r\n上桌前處理\r\n如果使用洋蔥湯包或香料袋，請將其從湯中取出。將煮好的法國洋蔥湯倒入湯碗中。可選擇在湯面上灑上一些磨碎的帕瑪森芝士（或其他起司）作為配菜，增添風味。', 0, '以洋蔥為主要成分，經過長時間的燉煮，使洋蔥釋放出濃郁的甜味。湯底通常使用牛骨湯或雞湯製成，再加入麵包片和奶酪，經過烤製形成美味的焗蓋。這道湯色澤金黃、口感濃郁，帶有淡淡的甜味，是法國料理中的經典之一，受到世界各地食客的喜愛。', '18onion_soup.jpg', 1),
(19, '馬來西亞椰奶雞湯', '炒雞肉和香料\r\n在一個大鍋或湯鍋中，加熱一些植物油。加入切碎的洋蔥、大蒜、姜和紅辣椒，炒至香氣散發出來。加入雞肉塊，炒至雞肉變色。\r\n加入椰奶和湯底\r\n倒入椰奶和雞湯或蔬菜湯，攪拌均勻。加入打結的香茅，使其釋放出香味。加入魚露和糖，調整味道。用中小火煮沸，然後降至中火繼續煮約15-20分鐘，讓雞肉熟透且湯汁濃稠。\r\n調整口味\r\n根據個人口味，加入適量的鹽，調整鹹度。如果需要更辣或更香的味道，可以添加一些紅辣椒或香茅。繼續煮一會兒，使所有的味道充分混合。\r\n上桌前處理\r\n將煮好的馬來西亞椰奶雞湯倒入湯碗中。可以在湯面上撒上一些切碎的青蔥作為裝飾。可以在湯面上撒上一些切碎的青蔥作為裝飾。祝您用餐愉快！', 0, '以椰奶和雞肉為主要成分，加入香料和香草調味。這道湯呈現濃郁的椰奶風味，搭配嫩滑的雞肉，口感豐富。馬來西亞椰奶雞湯通常以香氣四溢的香草和香料烹製而成，帶有微辣的特色，是馬來西亞美食中的經典之一，深受人們喜愛。', '19malaysia_coconuts_soup.jpg', 1),
(20, '葡萄牙海鮮湯', '炒香蔬菜和香腸\r\n在一個大鍋或湯鍋中，加熱橄欖油。\r\n加入切碎的洋蔥、蒜頭和紅蘿蔔，炒至蔬菜變軟。如果使用葡萄牙香腸，加入鍋中炒至香脆。\r\n加入湯底和調味料\r\n倒入蔬菜湯或魚湯，攪拌均勻。接著加入蕃茄醬，調味以適量的鹽和胡椒粉。\r\n煮沸和燉煮\r\n用中火煮沸，然後降至中小火繼續煮約15分鐘，使湯底的味道充分融合。在最後幾分鐘加入魚肉或蝦肉，繼續煮至熟透。\r\n上桌前處理\r\n將煮好的葡萄牙海鮮湯倒入湯碗中。可以在湯面上撒上一些切碎的青蔥或歐芹作為裝飾。', 0, '葡萄牙海鮮湯是葡萄牙的傳統料理之一。它以各種新鮮海鮮為主要成分，如魚肉、蝦、蚌等，再加入蔬菜、番茄和香料。湯底濃郁，充滿海鮮的鮮味和風味，常常以濃稠的湯汁和豐富的海鮮呈現。葡萄牙海鮮湯是一道受歡迎的海鮮料理，展現葡萄牙豐富的海洋美味。', '20portugal_seafood_soup.jpg', 1),
(21, '西班牙番茄湯', '混合食材\r\n在攪拌機或攪拌器中，將切好的番茄、青椒、黃椒、黃瓜、洋蔥、大蒜和麵包放入。加入醋和橄欖油。按下攪拌器，混合成濃稠的湯狀。\r\n調整口味\r\n根據個人口味，添加適量的鹽和胡椒粉，調整味道。如果湯太稠，可以添加一些水或番茄汁稀釋。\r\n冷藏和休息\r\n將調味好的番茄湯倒入碗中，用保鮮膜覆蓋。將碗放入冰箱，讓湯冷藏和休息至少1小時，讓味道更好融合。\r\n上桌前處理\r\n取出冷藏的番茄湯。將湯倒入碗中或湯碗中。可以在湯面上撒上一些切碎的青蔥或歐芹作為裝飾。', 0, '西班牙番茄湯，又稱為加斯帕喬（Gazpacho），是一道涼爽的西班牙傳統料理。它以新鮮的番茄為主要成分，加入青瓜、辣椒、洋蔥和大蒜等蔬菜。湯中的成分經過攪拌或打碎，製成光滑的冷湯。這道湯色澤鮮紅、口感清新，帶有番茄的甜味和蔬菜的清爽，是夏季常見的解暑飲品，深受人們喜愛。', '21spanish_tomato_soup.jpg', 1),
(22, '墨西哥辣味雞肉湯', '煮熟雞肉和蔬菜\r\n在一個大鍋中，加熱一些油。\r\n加入切碎的洋蔥、大蒜和辣椒，炒至蔬菜變軟。\r\n加入切成小塊的雞肉，煮至雞肉變白。\r\n番茄和調味料\r\n加入罐裝番茄，攪拌均勻。\r\n加入辣椒粉、花椒粉，調味以適量的鹽和胡椒粉。\r\n湯底和玉米餅\r\n倒入蔬菜湯或雞湯，攪拌均勻。\r\n如果喜歡，可以加入切成小塊的玉米餅。\r\n煮沸和燉煮\r\n用中火煮沸，然後降至中小火繼續煮約15-20分鐘，使湯底的味道充分融合。\r\n在最後幾分鐘加熱，確保雞肉熟透。\r\n上桌前處理\r\n準備碗或湯碗，將煮好的墨西哥辣味雞肉湯盛入碗中。\r\n可以在湯面上撒上一些切碎的青蔥或香菜作為裝飾。', 0, '墨西哥辣味雞肉湯是一道具有辣味的墨西哥料理。它以雞肉為主要成分，加入墨西哥辣椒、洋蔥、蒜頭和香料等調味料。湯底醇厚，味道辛辣，口感豐富。這道湯具有墨西哥獨特的風味，辣椒的香氣和辛辣使其成為一道熱門的美食選擇。墨西哥辣味雞肉湯在墨西哥料理中常見，提供了一種獨特的飲食體驗。', '22mexico_spicy_chickn_soup.jpg', 1),
(23, '泰式酸辣湯', '煮熟肉和蔬菜\r\n在一個大鍋中，加入雞湯或清水，煮沸。加入切碎的洋蔥、蘑菇和番茄，煮至蔬菜變軟。如果使用雞肉或蝦肉，加入鍋中煮至熟透。\r\n加入調味料\r\n加入青檸葉、檸檬草、蔥段和紅辣椒。加入魚露和青檸汁，調味以適量的鹽和糖。如果喜歡更辣，可以加入一些辣椒醬。\r\n煮沸和燉煮\r\n用中火煮沸，然後降至中小火繼續煮約10分鐘，使湯底的味道充分融合。確保肉和蔬菜完全熟透，並且調味符合個人口味。\r\n上桌前處理\r\n將煮好的泰國酸辣湯盛入湯碗中。可以在湯面上撒上一些切碎的香菜或泰國香菜作為裝飾。', 0, '泰式酸辣湯是一道具有獨特風味的泰國料理。它以酸味和辣味為主要特點，加入檸檬草、青檸、辣椒、蝦或雞肉、蔬菜等食材。湯底酸辣爽口，具有豐富的香料和鮮明的口感。泰式酸辣湯以其鮮明的味道和獨特的調味組合成為受歡迎的泰國美食之一，在國際上也廣受喜愛。', '23thai_hot_sour_soup.jpg', 1),
(24, '意大利米蘭湯', '炒香底料\r\n在大鍋中加熱橄欖油。加入洋蔥和大蒜，炒至蔬菜變軟。加入西芹、紅蘿蔔、香菇和番茄，繼續炒煮幾分鐘。\r\n加入高湯和蔬菜\r\n加入高湯或蔬菜湯，攪拌均勻。加入其他蔬菜，如花椰菜、青豆等，攪拌均勻。根據個人喜好加入義大利香草調味料。調整火力至中小火，蓋上鍋蓋，讓蔬菜煮熟。 \r\n煮熟義大利麵或通心粉\r\n在另一鍋中煮開水，加入鹽。將義大利細麵或通心粉放入煮沸的水中煮熟，根據包裝上的說明時間煮熟。瀝乾麵或通心粉，備用。\r\n組合湯和麵\r\n確認蔬菜已經煮熟，湯的味道濃郁。將煮熟的義大利細麵或通心粉加入湯中，攪拌均勻。根據個人口味加入鹽和胡椒調味。將湯盛入蓋上鍋蓋，靜置一會兒，讓湯和麵相互融合。\r\n上桌前處理\r\n上桌時撒上一些新鮮的義大利香草調味料作為裝飾。可以搭配一片新鮮的麵包或者配菜，如帕馬森芝士絲或蘑菇片，增添口感和風味。', 0, '意大利米蘭湯，又稱米蘭內塔（Minestrone），是一道傳統的意大利料理。它以各種蔬菜為主要成分，如豆類、番茄、洋蔥、紅蘿蔔等，再加入意大利面或大米。湯底通常使用番茄湯或蔬菜高湯烹製而成。這道湯口感濃郁，營養豐富，蔬菜的鮮美與意大利面或大米的口感相得益彰。意大利米蘭湯是意大利料理中的經典之一，深受人們喜愛。', '24milano_soup.jpg', 1),
(25, '糖漬番茄', '準備番茄\r\n選擇成熟而且稍微硬一些的番茄，切掉蒂部，用刀在番茄底部劃十字切口。\r\n糖漬番茄醬汁\r\n在一個鍋中，將砂糖、白醋和水放入，開中火煮至糖完全溶解。\r\n糖漬番茄\r\n把番茄放入煮糖水的鍋中，調到中小火，蓋上鍋蓋，讓番茄在糖水中煮約5分鐘。\r\n冷卻和保存\r\n將煮熟的番茄用網漏或湯網撈出，放入乾淨的容器中。將剩餘的糖水倒入番茄上，確保番茄完全被覆蓋。讓番茄在糖水中浸泡，待涼後密封容器。\r\n上桌前處理\r\n糖漬番茄可以作為小吃單獨食用，也可以添加到沙拉、三明治或其他菜餚中。這個簡易的步驟讓您可以輕鬆製作美味的糖漬番茄！', 0, '糖漬番茄是一道美味的小吃或配料，通常以小番茄為主要成分。番茄浸泡在糖水中，使其表面甜蜜多汁，內裡保持著番茄的鮮味。這道小吃口感酸甜，糖的甜度平衡了番茄的酸度，帶來愉悅的口感體驗。糖漬番茄常用於沙拉、開胃菜或作為零食，成為一道受歡迎的美食。', '25candied_tomato.jpg', 2),
(26, '泰式生菜包', '炒煮肉類\r\n在一個炒鍋中，加熱一些油。加入蒜末，炒至香味散發。加入雞肉或牛肉絲，炒至肉變色熟透。\r\n調味\r\n加入紅辣椒、蔥和砂糖，繼續翻炒均勻。加入魚露，調味並提升風味。繼續翻炒幾分鐘，讓調味料充分滲入肉中。\r\n包裝\r\n取一片生菜葉，將炒好的肉類填入葉中。可以添加辣椒醬和花生碎，增添口感和風味。擠上一些青檸汁，增加酸爽的口感。\r\n上桌前處理\r\n確保泰式生菜包內容物均勻分佈且包裹緊實。將包好的泰式生菜包擺盤，可以撒上一些花生碎作為裝飾。', 0, '泰式生菜包是一道泰國料理中常見的小吃。它由新鮮的生菜葉作為外殼，內夾入切碎的雞肉或豬肉、香料、蔬菜和花生等配料。吃時可蘸泰式甜辣醬。這道小吃口感清爽，結合了肉的香味、蔬菜的清新和泰式調味料的風味，是一種美味又健康的泰國傳統料理。', '26lettuce_wrap.jpg', 2),
(27, '中東麥麩沙拉', '煮熟麥麩\r\n在一個鍋中，煮開適量的水。加入麥麩，根據包裝上的指示時間煮熟。煮熟後，用濾網過濾掉多餘的水分。\r\n混合食材\r\n將煮熟的麥麩轉移到一個大碗中。加入黑豆、番茄丁、青瓜丁和紅洋蔥碎。拌勻混合所有的食材。\r\n加入檸檬汁\r\n加入檸檬汁和橄欖油。按需添加鹽和胡椒粉，調整至適合的味道。輕輕攪拌均勻，確保調味料均勻分佈。\r\n上桌前處理\r\n將中東麥麩沙拉盛入碗或盤中。可以在上面撒上一些薄荷葉或香菜作為裝飾。', 0, '中東麥麩沙拉是一道源自中東地區的健康沙拉。它以麥麩（couscous）為主要成分，加入新鮮蔬菜、香料、橄欖油和檸檬汁等調味料。這道沙拉口感輕爽，融合了蔬菜的清新和麥麩的口感，香料和檸檬汁增添了豐富的風味。中東麥麩沙拉富含營養，是素食者和追求健康飲食的人們喜愛的選擇。', '27middleast_gluten_salad.jpg', 2),
(28, '印度瑪撒拉薯仔沙拉', '煮熟馬鈴薯\r\n將馬鈴薯放入一個鍋中，加入足夠的水。將鍋放在爐上，用中火煮沸煮約10-15分鐘，直到馬鈴薯變軟，可以用叉子輕輕刺入。\r\n製作調味醬汁\r\n在一個碗中，將青檸汁、瑪撒拉粉、黑鹽和辣椒粉混合均勻。確保調味料充分溶解並混合均勻。\r\n混合食材\r\n瀝乾煮熟的馬鈴薯，放入一個大碗中。將調味醬汁倒在馬鈴薯上。輕輕拌勻，確保每塊馬鈴薯都均勻裹上調味醬汁。\r\n上桌前處理\r\n將印度瑪撒拉薯仔沙拉盛入碗或盤中。可以撒上一些蔥花作為裝飾。', 0, '印度馬薩拉薯仔沙拉是一道具有印度風味的沙拉。它以煮熟的地瓜為主要成分，加入印度馬薩拉香料、洋蔥、番茄、青椒等配料。這道沙拉口感豐富，地瓜的柔軟與香料的辛香相互融合，配料的鮮美提升了整體風味。印度馬薩拉薯仔沙拉是一道經典的印度料理，獨特的調味和豐富的口感使其成為受歡迎的美食之一。', '28masal_potato_salad.jpg', 2),
(29, '巴西凱撒沙拉', '煎雞胸肉\r\n在熱平底鍋中加入少許橄欖油，加熱至中高火。將切好的雞胸肉丁放入鍋中煎熟，直到表面呈現金黃色和熟透。\r\n調製凱撒醬\r\n在一個碗中，將蒜頭切碎或壓碎，加入橄欖油、檸檬汁、帕馬森乾酪碎片、蛋黃醬、鹽和黑胡椒。用叉子或攪拌器攪拌所有材料，直到它們充分結合成濃稠的醬汁。 \r\n混合成凱撒沙拉\r\n在一個大碗中，將撕碎的生菜放入。加入煎好的雞肉丁和調製好的凱撒醬。輕輕拌勻，確保每片生菜都均勻沾上醬汁。 \r\n上桌前處理\r\n將準備好的巴西凱撒沙拉盛裝在碗或盤中。可選擇灑上一些額外的帕馬森乾酪碎片作為裝飾。隨個人口味添加黑胡椒或檸檬汁。', 0, '巴西凱撒沙拉是一道源自巴西的沙拉。它以新鮮的生菜為主要成分，加入烤麵包丁、巴西芝士、火腿或培根和凱撒沙拉醬等配料。這道沙拉口感豐富，生菜的清爽與烤麵包丁的香脆相得益彰，芝士和凱撒沙拉醬增添了濃郁的味道。巴西凱撒沙拉是一道受歡迎的巴西美食，兼具美味和營養。', '29brazil_caesar_salad.jpg', 2),
(30, '希臘風味水果沙拉', '混合調味料\r\n在一個碗中，混合橄欖油、檸檬汁、蜂蜜和鹽。攪拌均勻，確保調味料充分融合。\r\n混合水果和調味料\r\n在一個大碗中，放入西瓜塊、蜜瓜塊和葡萄。均勻倒入調味料，輕輕拌勻，確保水果均勻沾上調味料。\r\n上桌前處理\r\n在將希臘風味水果沙拉盛入盤子或碗中。可以在上面擺盤一些薄荷葉或檸檬片作為裝飾。', 0, '希臘風味水果沙拉是一道清爽的沙拉，融合了希臘風味和新鮮水果。它以各種水果為主要成分，如葡萄、草莓、橙子等，加入希臘風味的酸奶或蜂蜜醬汁。這道沙拉口感多樣，水果的甜蜜與酸奶或蜂蜜的奶香相互交融，希臘風味的調味料增添了特殊的風味。希臘風味水果沙拉是一道清涼可口的夏季美食，兼具美味和營養。', '30greece_fruit_salad.jpg', 2),
(31, '越南涼拌牛肉', '醃製牛肉\r\n在一個碗中，將牛肉片放入，加入醃料。醃料的組成可以根據個人口味調整，建議包括魚露、檸檬汁、糖、蒜蓉等。輕輕攪拌牛肉片，確保每片都均勻沾滿醃料。靜置醃製約15-30分鐘，使牛肉入味。\r\n炒熟牛肉\r\n在平底鍋中加熱一些油。將醃製好的牛肉片倒入鍋中，用中高火炒熟，直到變色和熟透。可根據個人喜好，調整炒牛肉的時間，可以偏向嫩一點或稍微焦香一些。\r\n混合食材\r\n將炒熟的牛肉片放入一個大碗中。加入切絲的青椒、紅椒和煮熟的越南河粉。輕輕拌勻，確保食材充分混合。\r\n上桌前處理\r\n將越南涼拌牛肉盛入盤子或碗中。可以撒上一些蔥花作為裝飾。準備筷子或叉子，即可品嚐這道清爽美味的越南涼拌牛肉！', 0, '越南涼拌牛肉是一道清爽的越南料理。它以切成薄片的牛肉為主要成分，加入新鮮的蔬菜和草藥，如生菜、薄荷葉、紅蔥頭等。拌入魚露、檸檬汁、辣椒和花生等調味料。這道菜色彩鮮豔，口感豐富，牛肉的嫩滑與蔬菜的清爽相互搭配，調味料帶來了酸辣和鹹香的風味。越南涼拌牛肉是一道受歡迎的越南美食，適合夏季享用。', '31vietnam_beef_salad.jpg', 2),
(32, '加拿大蔓越莓野菜沙拉', '混和食材\r\n在一個大碗中，將切碎的菠菜、蔓越莓、蘋果片和核桃混合在一起。\r\n製作醬汁\r\n在一個小碗中，混合橄欖油、紅酒醋、蜂蜜和少許鹽。不同人的口味偏好可能有所不同，可以根據個人喜好進行調整。\r\n淋上醬汁\r\n將調味醬汁均勻地淋在蔓越莓、菠菜、蘋果和核桃的混合物上。輕輕拌勻，確保所有食材均勻沾上醬汁。\r\n上桌前處理\r\n可以選擇在沙拉上撒上一些藍紋奶酪碎片或其他喜愛的食材作為裝飾。', 0, '新鮮的野菜如綠葉蔬菜、葡萄柚、瓜類等為基礎，再加入蔓越莓提供酸甜口感。沙拉通常配以堅果或奶酪，最後加入酸味的沙拉醬調味。這道沙拉色彩豐富，口感清爽，野菜的新鮮與蔓越莓的酸甜相得益彰。加拿大蔓越莓野菜沙拉是一道受歡迎的健康沙拉，展示了加拿大豐富的食材和獨特的風味。', '32crancherry_salad.jpg', 2),
(33, '日式涼拌海帶絲', '浸泡海帶絲\r\n將海帶絲放入碗中，加入足夠的水，浸泡約5分鐘，讓它軟化。\r\n製作調味料\r\n在一個小碗中，混合麻油、醬油、米醋和糖，攪拌均勻，使糖完全溶解。\r\n調配涼拌海帶絲\r\n將浸泡好且軟化的海帶絲從水中取出，用手稍微擠壓去除多餘的水分。將它們放入一個大碗中，倒入步驟3中製作的調味料，輕輕攪拌均勻，確保每根海帶絲都均勻沾上調味料。\r\n上桌前處理\r\n將黑芝麻和蔥花灑在涼拌海帶絲上，用筷子或湯匙輕輕拌勻，使調料均勻分佈。', 0, '日式涼拌海帶絲是一道清爽的日本涼菜。它以細長的海帶絲為主要成分，加入醬油、醋、糖和芝麻等調味料。這道涼拌菜口感爽脆，海帶絲的嚼勁與醬汁的風味相輔相成。日式涼拌海帶絲是一道簡單卻美味的菜餚，常作為下酒菜或涼爽的夏日小吃。它不僅具有獨特的日本風味，也為飲食帶來了豐富的營養價值。', '33seaweed_salad.jpg', 2);

-- --------------------------------------------------------

--
-- 資料表結構 `report`
--

DROP TABLE IF EXISTS `report`;
CREATE TABLE IF NOT EXISTS `report` (
  `report_no` int NOT NULL,
  `opinion_on` int NOT NULL,
  `member_fk` int NOT NULL,
  `date` datetime NOT NULL,
  `reason` varchar(100) CHARACTER SET utf8mb4 COLLATE utf8mb4_general_ci NOT NULL,
  `state` tinyint NOT NULL COMMENT '0:未處理\r\n1:通過\r\n2:不通過',
  PRIMARY KEY (`report_no`),
  KEY `opinion` (`opinion_on`),
  KEY `member` (`member_fk`)
) ENGINE=InnoDB DEFAULT CHARSET=utf8mb4 COLLATE=utf8mb4_general_ci;

--
-- 傾印資料表的資料 `report`
--

INSERT INTO `report` (`report_no`, `opinion_on`, `member_fk`, `date`, `reason`, `state`) VALUES
(1, 1, 1, '2023-08-02 14:32:20', '他說了不雅字', 0),
(2, 5, 2, '2023-08-02 14:46:22', '討厭美國', 0),
(3, 7, 3, '2023-08-02 14:46:22', '乾你什麼事情?', 0);

--
-- 已傾印資料表的限制式
--

--
-- 資料表的限制式 `delivery`
--
ALTER TABLE `delivery`
  ADD CONSTRAINT `ord_no` FOREIGN KEY (`ord_no`) REFERENCES `orders` (`ord_no`) ON DELETE RESTRICT ON UPDATE RESTRICT;

--
-- 資料表的限制式 `deliv_detail`
--
ALTER TABLE `deliv_detail`
  ADD CONSTRAINT `deliv_no` FOREIGN KEY (`deliv_no`) REFERENCES `delivery` (`deliv_no`) ON DELETE RESTRICT ON UPDATE RESTRICT,
  ADD CONSTRAINT `dishno` FOREIGN KEY (`dishno`) REFERENCES `recipe` (`recipe_no`) ON DELETE RESTRICT ON UPDATE RESTRICT;

--
-- 資料表的限制式 `dishes`
--
ALTER TABLE `dishes`
  ADD CONSTRAINT `ingred_no` FOREIGN KEY (`ingred_no`) REFERENCES `ingred` (`ingred_no`) ON DELETE RESTRICT ON UPDATE RESTRICT,
  ADD CONSTRAINT `recipe_no` FOREIGN KEY (`recipe_no`) REFERENCES `recipe` (`recipe_no`) ON DELETE RESTRICT ON UPDATE RESTRICT;

--
-- 資料表的限制式 `game`
--
ALTER TABLE `game`
  ADD CONSTRAINT `dish1` FOREIGN KEY (`dish1`) REFERENCES `recipe` (`recipe_no`) ON DELETE RESTRICT ON UPDATE RESTRICT,
  ADD CONSTRAINT `dish2` FOREIGN KEY (`dish2`) REFERENCES `recipe` (`recipe_no`) ON DELETE RESTRICT ON UPDATE RESTRICT,
  ADD CONSTRAINT `dish3` FOREIGN KEY (`dish3`) REFERENCES `recipe` (`recipe_no`) ON DELETE RESTRICT ON UPDATE RESTRICT,
  ADD CONSTRAINT `dish4` FOREIGN KEY (`dish4`) REFERENCES `recipe` (`recipe_no`) ON DELETE RESTRICT ON UPDATE RESTRICT;

--
-- 資料表的限制式 `giftcard`
--
ALTER TABLE `giftcard`
  ADD CONSTRAINT `giver` FOREIGN KEY (`giver`) REFERENCES `customer` (`cus_no`) ON DELETE RESTRICT ON UPDATE RESTRICT,
  ADD CONSTRAINT `owner` FOREIGN KEY (`owner`) REFERENCES `customer` (`cus_no`) ON DELETE RESTRICT ON UPDATE RESTRICT;

--
-- 資料表的限制式 `opinion`
--
ALTER TABLE `opinion`
  ADD CONSTRAINT `member` FOREIGN KEY (`member`) REFERENCES `customer` (`cus_no`) ON DELETE RESTRICT ON UPDATE RESTRICT,
  ADD CONSTRAINT `recipeno` FOREIGN KEY (`recipeno`) REFERENCES `recipe` (`recipe_no`) ON DELETE RESTRICT ON UPDATE RESTRICT;

--
-- 資料表的限制式 `orders`
--
ALTER TABLE `orders`
  ADD CONSTRAINT `cus_no` FOREIGN KEY (`cus_no`) REFERENCES `customer` (`cus_no`) ON DELETE RESTRICT ON UPDATE RESTRICT,
  ADD CONSTRAINT `discount_cardno` FOREIGN KEY (`discount_cardno`) REFERENCES `giftcard` (`giftcard_no`) ON DELETE RESTRICT ON UPDATE RESTRICT;

--
-- 資料表的限制式 `report`
--
ALTER TABLE `report`
  ADD CONSTRAINT `member_fk` FOREIGN KEY (`member_fk`) REFERENCES `customer` (`cus_no`) ON DELETE RESTRICT ON UPDATE RESTRICT,
  ADD CONSTRAINT `opinion_on` FOREIGN KEY (`opinion_on`) REFERENCES `opinion` (`opinion_no`) ON DELETE RESTRICT ON UPDATE RESTRICT;
COMMIT;

/*!40101 SET CHARACTER_SET_CLIENT=@OLD_CHARACTER_SET_CLIENT */;
/*!40101 SET CHARACTER_SET_RESULTS=@OLD_CHARACTER_SET_RESULTS */;
/*!40101 SET COLLATION_CONNECTION=@OLD_COLLATION_CONNECTION */;
